id,Appliances
1,56.92
2,108.08
3,49.6
4,66.72
5,67.44
6,125.68
7,101.68
8,73.96
9,50.52
10,96.96
11,166.72
12,71.16
13,116.44
14,100.44
15,246.6
16,45.52
17,79.6
18,53.12
19,31.68
20,148.36
21,66.08
22,52.72
23,30.52
24,44.24
25,181.76
26,82.6
27,104.44
28,79.44
29,54.48
30,110.48
31,64.52
32,66.4
33,60.0
34,67.04
35,53.96
36,158.08
37,136.84
38,176.2
39,53.12
40,65.28
41,63.08
42,141.2
43,56.76
44,53.16
45,44.52
46,56.08
47,46.68
48,59.52
49,47.32
50,51.4
51,57.92
52,254.84
53,65.2
54,59.62
55,50.08
56,292.24
57,57.64
58,245.28
59,56.04
60,37.48
61,34.56
62,43.84
63,41.72
64,26.52
65,72.96
66,51.0
67,57.84
68,100.16
69,48.2
70,75.4
71,85.72
72,40.0
73,93.0
74,40.6
75,68.64
76,56.36
77,367.2
78,64.64
79,98.6
80,47.8
81,49.08
82,145.28
83,54.56
84,69.8
85,50.92
86,112.96
87,55.16
88,106.8
89,247.44
90,100.04
91,59.04
92,108.36
93,32.32
94,101.84
95,98.48
96,78.92
97,61.96
98,49.72
99,40.88
100,194.88
101,81.6
102,90.32
103,375.04
104,101.4
105,52.52
106,113.16
107,52.92
108,57.2
109,130.88
110,46.52
111,50.36
112,83.48
113,79.95
114,74.84
115,52.12
116,103.84
117,46.48
118,221.04
119,44.64
120,292.4
121,54.76
122,59.56
123,57.0
124,44.44
125,45.96
126,105.44
127,66.44
128,52.08
129,50.44
130,122.0
131,43.6
132,52.84
133,97.12
134,44.56
135,63.84
136,111.08
137,68.08
138,46.68
139,98.2
140,466.48
141,50.44
142,108.6
143,133.88
144,60.0
145,105.36
146,65.04
147,52.28
148,75.48
149,132.52
150,116.96
151,96.72
152,341.8
153,81.8
154,207.72
155,64.96
156,125.76
157,49.8
158,50.0
159,101.52
160,126.04
161,46.08
162,94.52
163,49.84
164,47.76
165,124.92
166,53.6
167,85.48
168,95.96
169,159.4
170,388.8
171,60.12
172,42.0
173,64.12
174,51.44
175,51.24
176,42.52
177,50.88
178,124.24
179,43.52
180,50.72
181,87.36
182,97.56
183,44.84
184,67.92
185,61.76
186,138.52
187,49.12
188,64.16
189,92.56
190,35.32
191,165.92
192,104.2
193,191.04
194,49.6
195,83.04
196,138.44
197,116.5
198,104.04
199,54.36
200,57.52
201,59.84
202,47.0
203,55.8
204,143.84
205,77.52
206,117.28
207,90.36
208,97.2
209,250.04
210,117.44
211,80.8
212,54.84
213,52.8
214,49.24
215,40.92
216,50.92
217,206.2
218,272.8
219,50.6
220,101.72
221,251.96
222,268.0
223,237.24
224,70.28
225,91.52
226,44.04
227,44.28
228,63.52
229,63.24
230,45.52
231,37.2
232,222.2
233,69.2
234,68.56
235,348.72
236,114.44
237,49.12
238,169.4
239,83.76
240,144.84
241,137.44
242,55.36
243,65.76
244,37.68
245,108.68
246,59.88
247,84.0
248,33.0
249,33.16
250,81.68
251,81.92
252,93.88
253,47.24
254,45.08
255,113.12
256,62.2
257,55.12
258,48.24
259,101.68
260,56.12
261,96.2
262,98.92
263,87.88
264,60.28
265,119.12
266,379.24
267,58.52
268,76.8
269,112.68
270,49.24
271,104.28
272,64.32
273,79.24
274,96.92
275,59.56
276,102.04
277,60.36
278,91.6
279,58.72
280,39.92
281,93.28
282,55.48
283,79.96
284,60.08
285,62.24
286,135.92
287,66.46
288,59.12
289,77.12
290,84.96
291,386.04
292,56.12
293,118.88
294,53.4
295,207.64
296,138.0
297,292.52
298,75.28
299,50.56
300,159.36
301,36.48
302,54.92
303,53.8
304,51.32
305,42.36
306,61.84
307,56.16
308,49.0
309,78.36
310,49.32
311,52.4
312,59.52
313,63.12
314,101.6
315,75.36
316,130.0
317,41.12
318,72.52
319,112.04
320,126.6
321,55.68
322,68.68
323,60.4
324,176.56
325,104.36
326,49.56
327,102.4
328,52.88
329,72.88
330,99.2
331,53.08
332,95.08
333,64.8
334,59.28
335,133.48
336,165.32
337,47.92
338,82.04
339,50.36
340,410.6
341,59.56
342,94.54
343,119.64
344,51.32
345,203.12
346,247.48
347,111.68
348,123.12
349,139.2
350,141.84
351,582.28
352,50.56
353,453.04
354,62.56
355,122.84
356,37.56
357,143.4
358,95.64
359,144.84
360,127.72
361,37.72
362,45.72
363,65.44
364,115.64
365,70.6
366,74.4
367,117.76
368,63.64
369,91.92
370,42.52
371,51.08
372,53.88
373,88.12
374,65.96
375,52.68
376,96.24
377,40.84
378,65.28
379,57.4
380,46.72
381,61.36
382,296.4
383,221.64
384,141.56
385,26.04
386,85.2
387,63.2
388,155.44
389,41.12
390,58.12
391,51.04
392,71.2
393,114.08
394,231.92
395,142.8
396,140.08
397,84.56
398,47.16
399,136.8
400,55.4
401,327.68
402,50.22
403,79.92
404,83.4
405,32.0
406,96.0
407,95.32
408,91.24
409,84.2
410,127.24
411,56.6
412,64.6
413,108.88
414,91.76
415,48.84
416,58.56
417,70.44
418,49.12
419,90.84
420,97.24
421,111.32
422,92.56
423,49.08
424,142.84
425,46.56
426,48.0
427,46.56
428,426.0
429,92.08
430,103.12
431,36.68
432,51.16
433,110.8
434,47.72
435,58.6
436,146.76
437,51.64
438,32.92
439,66.76
440,69.92
441,129.6
442,102.12
443,99.44
444,190.28
445,115.6
446,319.48
447,63.24
448,99.8
449,46.44
450,35.48
451,112.68
452,61.56
453,80.06
454,107.32
455,54.88
456,49.88
457,93.2
458,119.52
459,72.68
460,81.64
461,75.2
462,51.6
463,46.88
464,49.44
465,109.2
466,56.92
467,89.32
468,63.72
469,62.08
470,83.96
471,65.84
472,47.68
473,50.56
474,68.88
475,44.84
476,43.12
477,51.4
478,68.68
479,142.08
480,58.04
481,23.96
482,60.08
483,76.6
484,54.76
485,106.52
486,48.56
487,37.4
488,208.64
489,61.0
490,104.28
491,159.64
492,52.04
493,76.6
494,92.88
495,30.56
496,48.84
497,42.0
498,48.96
499,100.16
500,44.6
501,55.92
502,57.68
503,210.12
504,57.24
505,60.28
506,160.8
507,104.84
508,55.24
509,45.56
510,88.72
511,67.76
512,50.0
513,55.12
514,107.24
515,46.44
516,28.8
517,54.64
518,45.52
519,112.36
520,97.04
521,60.56
522,164.6
523,62.8
524,99.6
525,30.44
526,53.84
527,79.28
528,57.32
529,202.08
530,104.84
531,46.44
532,84.68
533,162.4
534,106.36
535,43.52
536,172.04
537,76.4
538,59.8
539,224.12
540,196.32
541,223.76
542,87.08
543,40.8
544,51.56
545,120.68
546,59.64
547,94.32
548,53.2
549,46.44
550,75.28
551,100.76
552,47.44
553,59.24
554,58.28
555,46.36
556,41.8
557,49.44
558,65.24
559,39.72
560,54.48
561,56.08
562,224.96
563,57.4
564,237.36
565,57.48
566,49.68
567,56.2
568,51.52
569,103.8
570,92.88
571,53.32
572,51.0
573,64.16
574,220.84
575,51.2
576,65.52
577,145.84
578,56.0
579,56.92
580,51.08
581,37.16
582,117.0
583,52.72
584,48.08
585,81.44
586,102.76
587,148.64
588,115.56
589,94.48
590,83.08
591,39.84
592,47.8
593,108.8
594,127.84
595,94.84
596,236.96
597,47.92
598,50.52
599,30.24
600,429.88
601,50.44
602,91.64
603,88.56
604,54.28
605,49.8
606,197.08
607,197.32
608,125.84
609,153.52
610,40.64
611,140.28
612,270.88
613,46.44
614,85.96
615,52.52
616,58.6
617,429.92
618,111.96
619,54.2
620,53.56
621,61.88
622,57.36
623,53.32
624,360.2
625,180.72
626,174.4
627,55.36
628,284.16
629,59.56
630,184.28
631,123.84
632,127.44
633,131.92
634,57.12
635,61.08
636,102.92
637,82.28
638,71.92
639,138.28
640,57.16
641,36.04
642,73.04
643,36.48
644,169.36
645,51.32
646,40.12
647,52.4
648,70.16
649,110.6
650,56.44
651,46.68
652,74.24
653,59.0
654,44.24
655,75.36
656,71.04
657,74.0
658,43.84
659,262.24
660,160.04
661,129.08
662,114.32
663,58.44
664,30.44
665,53.72
666,181.52
667,48.52
668,53.72
669,53.48
670,55.88
671,148.56
672,59.84
673,60.44
674,46.68
675,131.04
676,49.88
677,29.44
678,73.2
679,243.68
680,179.16
681,54.68
682,45.72
683,154.2
684,101.08
685,130.56
686,108.48
687,51.92
688,57.64
689,169.36
690,49.96
691,42.08
692,40.6
693,44.64
694,54.64
695,70.04
696,64.32
697,383.24
698,46.64
699,59.52
700,45.76
701,172.64
702,60.64
703,246.4
704,61.48
705,97.68
706,56.64
707,54.84
708,44.72
709,173.12
710,245.92
711,100.52
712,174.24
713,205.24
714,213.16
715,139.28
716,54.84
717,101.96
718,50.68
719,34.44
720,60.24
721,142.08
722,46.88
723,50.44
724,127.52
725,52.52
726,88.16
727,96.44
728,70.08
729,85.96
730,46.12
731,66.2
732,42.08
733,55.68
734,150.44
735,50.76
736,58.08
737,76.56
738,206.32
739,80.16
740,158.32
741,62.36
742,55.36
743,271.36
744,71.44
745,325.16
746,48.08
747,86.32
748,60.88
749,56.92
750,119.96
751,127.08
752,49.84
753,132.88
754,44.76
755,54.76
756,52.84
757,34.72
758,72.2
759,39.4
760,57.12
761,52.96
762,43.76
763,58.16
764,60.24
765,175.8
766,47.36
767,63.24
768,37.64
769,61.76
770,101.2
771,51.68
772,27.16
773,76.6
774,67.32
775,213.2
776,49.6
777,56.04
778,189.92
779,83.68
780,55.68
781,47.56
782,53.64
783,70.8
784,94.52
785,77.96
786,84.6
787,95.2
788,57.8
789,169.88
790,107.92
791,77.12
792,70.36
793,56.0
794,35.52
795,56.68
796,52.48
797,45.72
798,48.08
799,63.64
800,357.16
801,77.8
802,65.56
803,54.2
804,61.84
805,135.32
806,48.68
807,256.28
808,49.52
809,124.16
810,56.4
811,50.72
812,207.4
813,45.8
814,72.88
815,102.04
816,74.44
817,181.36
818,46.6
819,43.4
820,147.8
821,56.92
822,56.76
823,349.88
824,122.2
825,99.28
826,173.16
827,60.28
828,59.88
829,162.32
830,59.24
831,53.56
832,62.48
833,56.36
834,60.28
835,116.6
836,53.4
837,86.08
838,47.24
839,186.68
840,107.92
841,79.4
842,69.44
843,41.44
844,42.2
845,53.64
846,29.88
847,66.88
848,45.72
849,56.32
850,335.52
851,73.56
852,236.8
853,61.08
854,56.48
855,67.12
856,69.08
857,52.2
858,114.28
859,45.6
860,40.92
861,52.32
862,48.84
863,156.72
864,72.84
865,41.24
866,81.88
867,84.64
868,53.8
869,289.92
870,99.72
871,40.64
872,136.24
873,61.4
874,50.68
875,54.56
876,55.56
877,112.12
878,49.2
879,106.72
880,99.56
881,155.64
882,19.76
883,82.16
884,64.84
885,35.12
886,45.8
887,125.88
888,80.36
889,62.16
890,62.08
891,47.24
892,58.16
893,118.08
894,55.12
895,103.32
896,62.64
897,52.16
898,49.12
899,47.24
900,47.76
901,53.68
902,108.04
903,143.72
904,56.04
905,65.36
906,52.56
907,62.96
908,64.12
909,54.4
910,53.2
911,158.2
912,52.44
913,251.04
914,62.68
915,191.52
916,231.32
917,232.2
918,38.04
919,49.64
920,193.04
921,54.84
922,68.88
923,103.64
924,53.24
925,59.88
926,59.12
927,54.32
928,113.36
929,51.64
930,98.72
931,41.96
932,46.2
933,51.04
934,31.8
935,51.08
936,60.28
937,54.92
938,60.44
939,56.16
940,56.68
941,47.28
942,53.6
943,90.84
944,46.6
945,34.04
946,69.8
947,81.12
948,116.6
949,80.76
950,45.6
951,188.6
952,66.92
953,88.52
954,103.72
955,156.88
956,40.84
957,58.12
958,52.28
959,115.04
960,56.16
961,43.8
962,62.04
963,119.0
964,76.96
965,101.24
966,31.88
967,108.24
968,105.56
969,50.92
970,89.76
971,229.36
972,215.8
973,41.68
974,334.4
975,68.8
976,53.72
977,79.48
978,84.04
979,61.56
980,73.0
981,253.0
982,59.88
983,55.64
984,64.6
985,56.12
986,46.44
987,58.24
988,57.04
989,82.24
990,53.96
991,65.12
992,27.72
993,94.88
994,479.44
995,136.84
996,115.68
997,43.72
998,58.8
999,106.12
1000,117.96
1001,134.12
1002,226.72
1003,68.68
1004,58.92
1005,56.84
1006,49.48
1007,72.4
1008,106.72
1009,94.08
1010,119.92
1011,55.64
1012,168.96
1013,143.28
1014,65.32
1015,108.8
1016,50.68
1017,124.68
1018,56.6
1019,71.56
1020,85.84
1021,55.6
1022,110.12
1023,37.88
1024,109.9
1025,27.96
1026,64.84
1027,208.16
1028,60.92
1029,55.88
1030,51.72
1031,38.16
1032,67.0
1033,46.52
1034,38.4
1035,50.16
1036,49.24
1037,71.04
1038,47.0
1039,126.08
1040,166.08
1041,61.08
1042,42.48
1043,51.04
1044,179.36
1045,67.68
1046,113.56
1047,40.76
1048,129.0
1049,309.56
1050,34.16
1051,69.48
1052,62.0
1053,102.68
1054,210.76
1055,48.92
1056,102.04
1057,52.0
1058,54.36
1059,71.08
1060,38.12
1061,76.36
1062,102.04
1063,136.44
1064,320.36
1065,176.28
1066,51.52
1067,48.48
1068,108.96
1069,123.68
1070,47.16
1071,67.96
1072,55.64
1073,426.04
1074,65.32
1075,146.04
1076,53.08
1077,143.12
1078,62.2
1079,53.48
1080,99.56
1081,73.76
1082,50.96
1083,104.08
1084,160.64
1085,91.64
1086,57.96
1087,67.96
1088,49.68
1089,96.24
1090,93.2
1091,55.56
1092,51.4
1093,96.88
1094,38.76
1095,128.92
1096,98.08
1097,42.32
1098,45.32
1099,56.48
1100,70.72
1101,115.4
1102,67.48
1103,84.84
1104,44.28
1105,73.8
1106,47.12
1107,44.52
1108,55.38
1109,51.08
1110,61.04
1111,183.76
1112,60.84
1113,51.64
1114,46.4
1115,46.44
1116,90.12
1117,61.12
1118,72.4
1119,48.72
1120,54.76
1121,98.12
1122,22.84
1123,50.16
1124,84.4
1125,55.12
1126,51.04
1127,61.48
1128,112.84
1129,60.88
1130,55.52
1131,57.6
1132,69.48
1133,118.16
1134,45.6
1135,48.32
1136,51.36
1137,56.8
1138,49.92
1139,156.28
1140,39.2
1141,64.92
1142,83.8
1143,80.48
1144,58.96
1145,54.28
1146,68.08
1147,250.68
1148,58.68
1149,62.4
1150,236.52
1151,94.8
1152,59.8
1153,49.6
1154,64.96
1155,75.72
1156,152.68
1157,86.4
1158,53.04
1159,53.72
1160,117.44
1161,278.88
1162,61.72
1163,71.0
1164,257.28
1165,50.4
1166,39.72
1167,41.64
1168,53.2
1169,73.0
1170,99.16
1171,45.84
1172,135.44
1173,66.12
1174,357.48
1175,37.88
1176,170.8
1177,108.04
1178,79.36
1179,59.12
1180,71.52
1181,45.72
1182,49.84
1183,297.44
1184,53.52
1185,36.84
1186,25.48
1187,63.2
1188,415.64
1189,215.96
1190,56.8
1191,123.44
1192,95.16
1193,52.16
1194,149.08
1195,41.72
1196,52.92
1197,185.52
1198,383.16
1199,58.68
1200,74.08
1201,78.32
1202,33.88
1203,396.88
1204,55.72
1205,151.44
1206,68.68
1207,71.92
1208,50.12
1209,57.0
1210,287.24
1211,99.92
1212,48.8
1213,104.88
1214,293.08
1215,46.2
1216,101.8
1217,126.96
1218,35.0
1219,51.56
1220,70.52
1221,187.32
1222,149.68
1223,125.4
1224,46.64
1225,58.88
1226,62.04
1227,62.4
1228,61.24
1229,238.0
1230,70.2
1231,80.56
1232,105.16
1233,72.28
1234,52.56
1235,97.56
1236,212.36
1237,423.04
1238,59.52
1239,91.48
1240,78.68
1241,42.96
1242,39.68
1243,54.64
1244,87.0
1245,59.04
1246,87.44
1247,261.2
1248,45.96
1249,49.24
1250,60.44
1251,71.04
1252,57.72
1253,112.12
1254,107.72
1255,66.6
1256,397.28
1257,77.44
1258,42.0
1259,69.44
1260,126.48
1261,80.44
1262,233.64
1263,78.64
1264,63.68
1265,50.04
1266,338.4
1267,109.6
1268,60.76
1269,34.0
1270,83.72
1271,205.48
1272,84.44
1273,114.36
1274,230.16
1275,79.92
1276,48.08
1277,106.8
1278,45.88
1279,54.24
1280,44.56
1281,54.24
1282,35.84
1283,71.2
1284,32.28
1285,514.08
1286,376.68
1287,41.0
1288,55.2
1289,73.88
1290,46.6
1291,48.28
1292,120.2
1293,26.72
1294,98.92
1295,56.2
1296,55.04
1297,53.96
1298,44.88
1299,119.4
1300,47.04
1301,56.88
1302,46.88
1303,118.2
1304,103.56
1305,40.36
1306,35.56
1307,65.52
1308,92.48
1309,105.36
1310,56.2
1311,74.04
1312,57.08
1313,58.28
1314,79.4
1315,58.52
1316,59.76
1317,118.52
1318,39.68
1319,63.88
1320,437.68
1321,96.52
1322,135.32
1323,49.84
1324,448.24
1325,139.72
1326,283.12
1327,53.6
1328,26.48
1329,34.76
1330,50.2
1331,83.8
1332,68.36
1333,279.64
1334,120.4
1335,420.48
1336,109.8
1337,126.64
1338,83.2
1339,362.92
1340,74.8
1341,38.6
1342,61.48
1343,104.12
1344,287.36
1345,59.24
1346,160.96
1347,155.72
1348,45.48
1349,57.92
1350,138.8
1351,45.72
1352,91.52
1353,124.36
1354,156.48
1355,211.84
1356,48.28
1357,76.72
1358,32.84
1359,65.24
1360,46.36
1361,44.68
1362,34.2
1363,51.44
1364,46.88
1365,43.56
1366,43.36
1367,50.72
1368,182.4
1369,40.28
1370,49.88
1371,59.6
1372,127.08
1373,125.44
1374,103.52
1375,137.48
1376,127.52
1377,72.04
1378,67.52
1379,41.44
1380,54.84
1381,54.8
1382,40.84
1383,88.44
1384,62.82
1385,61.08
1386,49.52
1387,51.84
1388,291.44
1389,111.48
1390,87.88
1391,56.56
1392,298.12
1393,103.12
1394,66.44
1395,102.72
1396,33.96
1397,86.92
1398,50.24
1399,102.76
1400,101.44
1401,67.68
1402,55.12
1403,83.88
1404,41.52
1405,84.84
1406,49.32
1407,90.48
1408,94.08
1409,40.92
1410,106.12
1411,332.48
1412,51.32
1413,106.48
1414,243.04
1415,152.56
1416,77.84
1417,148.24
1418,46.92
1419,83.36
1420,127.04
1421,92.76
1422,40.84
1423,64.68
1424,121.64
1425,99.16
1426,58.36
1427,49.84
1428,60.48
1429,115.32
1430,59.4
1431,97.48
1432,65.44
1433,49.68
1434,36.48
1435,82.64
1436,25.12
1437,41.08
1438,54.28
1439,37.72
1440,105.4
1441,129.72
1442,111.64
1443,89.96
1444,61.16
1445,189.16
1446,94.6
1447,58.12
1448,60.64
1449,94.24
1450,56.76
1451,61.56
1452,61.32
1453,48.96
1454,217.6
1455,108.76
1456,185.76
1457,41.2
1458,116.96
1459,440.48
1460,40.8
1461,33.24
1462,55.2
1463,59.8
1464,68.84
1465,35.6
1466,388.64
1467,53.32
1468,309.24
1469,54.36
1470,119.24
1471,60.12
1472,35.76
1473,53.04
1474,84.84
1475,71.64
1476,81.28
1477,70.8
1478,59.92
1479,76.12
1480,102.68
1481,70.88
1482,50.44
1483,58.64
1484,123.44
1485,56.28
1486,47.48
1487,57.2
1488,55.24
1489,96.2
1490,51.84
1491,58.04
1492,50.36
1493,38.8
1494,97.12
1495,24.12
1496,121.64
1497,55.2
1498,103.44
1499,54.52
1500,151.32
1501,185.84
1502,92.52
1503,121.56
1504,69.24
1505,110.6
1506,119.8
1507,60.4
1508,206.0
1509,84.96
1510,60.8
1511,163.92
1512,50.48
1513,67.16
1514,43.52
1515,362.52
1516,120.6
1517,88.92
1518,43.6
1519,93.0
1520,59.48
1521,76.76
1522,55.2
1523,128.28
1524,41.16
1525,47.72
1526,65.88
1527,79.28
1528,50.08
1529,160.08
1530,166.0
1531,54.3
1532,84.16
1533,36.16
1534,59.88
1535,45.28
1536,30.48
1537,53.36
1538,49.68
1539,96.4
1540,93.4
1541,59.06
1542,40.36
1543,155.72
1544,44.68
1545,57.2
1546,55.92
1547,226.08
1548,55.92
1549,57.36
1550,54.28
1551,53.36
1552,50.16
1553,59.84
1554,92.08
1555,114.36
1556,58.72
1557,42.92
1558,55.68
1559,71.08
1560,81.76
1561,85.6
1562,104.32
1563,124.08
1564,81.72
1565,197.28
1566,72.88
1567,105.72
1568,47.36
1569,99.72
1570,41.08
1571,143.04
1572,50.16
1573,60.44
1574,233.84
1575,50.62
1576,48.28
1577,99.56
1578,53.2
1579,69.48
1580,248.68
1581,54.12
1582,107.68
1583,50.72
1584,62.6
1585,83.76
1586,92.16
1587,56.04
1588,49.8
1589,59.44
1590,78.36
1591,62.6
1592,65.24
1593,49.04
1594,54.84
1595,50.64
1596,55.92
1597,47.12
1598,56.32
1599,41.36
1600,66.08
1601,165.84
1602,46.72
1603,106.36
1604,67.12
1605,100.48
1606,50.12
1607,66.32
1608,251.44
1609,114.44
1610,65.2
1611,49.72
1612,68.48
1613,42.84
1614,115.2
1615,54.32
1616,126.44
1617,122.0
1618,52.36
1619,50.04
1620,67.28
1621,164.0
1622,149.8
1623,158.64
1624,59.24
1625,141.12
1626,61.56
1627,46.4
1628,84.9
1629,69.32
1630,46.28
1631,49.84
1632,58.28
1633,40.48
1634,44.0
1635,46.88
1636,68.0
1637,50.48
1638,177.56
1639,47.0
1640,105.28
1641,57.76
1642,108.28
1643,219.28
1644,64.6
1645,39.36
1646,122.2
1647,55.36
1648,126.2
1649,472.08
1650,107.6
1651,28.48
1652,128.0
1653,42.6
1654,51.48
1655,366.24
1656,83.84
1657,39.36
1658,35.52
1659,60.72
1660,71.12
1661,108.96
1662,39.04
1663,51.44
1664,46.84
1665,74.84
1666,102.8
1667,49.64
1668,72.92
1669,93.08
1670,62.12
1671,93.04
1672,337.52
1673,76.96
1674,254.12
1675,50.72
1676,90.36
1677,50.04
1678,50.56
1679,106.44
1680,67.6
1681,82.24
1682,70.96
1683,217.64
1684,73.16
1685,54.8
1686,116.22
1687,50.0
1688,101.52
1689,45.32
1690,61.64
1691,89.84
1692,59.92
1693,49.16
1694,41.96
1695,66.68
1696,69.44
1697,87.8
1698,56.36
1699,50.0
1700,74.8
1701,136.48
1702,57.72
1703,88.32
1704,128.8
1705,95.64
1706,42.72
1707,132.12
1708,84.2
1709,53.6
1710,36.24
1711,104.44
1712,63.0
1713,121.04
1714,92.88
1715,109.4
1716,49.72
1717,60.88
1718,55.88
1719,41.08
1720,47.96
1721,56.8
1722,76.8
1723,201.32
1724,63.88
1725,59.96
1726,49.08
1727,88.6
1728,106.92
1729,57.96
1730,43.28
1731,91.88
1732,60.4
1733,117.84
1734,368.4
1735,266.84
1736,190.36
1737,43.68
1738,57.64
1739,51.28
1740,72.8
1741,98.64
1742,44.12
1743,61.32
1744,55.36
1745,59.96
1746,50.64
1747,70.48
1748,255.92
1749,58.96
1750,51.56
1751,265.28
1752,46.4
1753,131.28
1754,83.72
1755,59.76
1756,66.92
1757,74.56
1758,58.56
1759,60.2
1760,98.0
1761,122.96
1762,59.2
1763,272.24
1764,88.52
1765,199.48
1766,66.32
1767,50.68
1768,115.04
1769,59.4
1770,50.08
1771,48.36
1772,39.64
1773,50.24
1774,65.32
1775,84.8
1776,344.96
1777,51.76
1778,211.6
1779,88.8
1780,41.34
1781,92.88
1782,108.84
1783,61.52
1784,45.56
1785,92.92
1786,87.4
1787,141.64
1788,46.52
1789,105.52
1790,110.4
1791,71.8
1792,74.56
1793,60.68
1794,134.88
1795,68.88
1796,40.12
1797,40.92
1798,156.97333333333333
1799,74.96
1800,34.28
1801,84.04
1802,223.28
1803,84.68
1804,53.92
1805,38.96
1806,42.76
1807,56.68
1808,40.72
1809,35.84
1810,337.64
1811,47.24
1812,157.2
1813,104.24
1814,55.24
1815,39.36
1816,60.8
1817,56.52
1818,126.04
1819,53.76
1820,63.04
1821,61.92
1822,84.72
1823,113.84
1824,31.0
1825,124.6
1826,54.2
1827,168.32
1828,49.56
1829,44.8
1830,62.44
1831,52.4
1832,92.36
1833,107.88
1834,65.52
1835,57.44
1836,423.32
1837,40.88
1838,83.88
1839,56.84
1840,50.2
1841,84.08
1842,58.28
1843,43.44
1844,200.4
1845,54.16
1846,41.32
1847,44.24
1848,102.88
1849,55.52
1850,51.92
1851,68.12
1852,78.84
1853,99.24
1854,85.04
1855,95.2
1856,82.2
1857,106.32
1858,108.56
1859,66.36
1860,102.68
1861,90.04
1862,54.76
1863,113.12
1864,316.24
1865,105.88
1866,69.04
1867,54.8
1868,106.96
1869,88.88
1870,95.08
1871,62.16
1872,54.88
1873,46.36
1874,65.04
1875,88.76
1876,54.32
1877,59.8
1878,84.2
1879,59.08
1880,53.56
1881,73.84
1882,74.24
1883,60.44
1884,50.84
1885,49.08
1886,63.72
1887,68.08
1888,123.0
1889,44.44
1890,31.24
1891,54.48
1892,88.28
1893,116.12
1894,47.24
1895,112.6
1896,74.16
1897,407.08
1898,53.28
1899,40.8
1900,51.68
1901,181.08
1902,79.12
1903,114.96
1904,134.16
1905,104.2
1906,119.0
1907,59.2
1908,90.36
1909,54.28
1910,32.08
1911,132.8
1912,46.32
1913,370.72
1914,57.68
1915,63.6
1916,67.44
1917,141.84
1918,145.2
1919,63.92
1920,50.28
1921,124.92
1922,65.52
1923,90.28
1924,124.64
1925,49.28
1926,45.2
1927,50.48
1928,53.16
1929,129.88
1930,161.24
1931,33.32
1932,39.12
1933,135.12
1934,45.6
1935,120.84
1936,55.8
1937,37.4
1938,37.72
1939,122.36
1940,45.2
1941,48.44
1942,66.56
1943,46.16
1944,59.32
1945,54.52
1946,82.58
1947,64.64
1948,39.2
1949,55.96
1950,49.12
1951,135.16
1952,89.96
1953,97.92
1954,63.04
1955,52.76
1956,50.76
1957,65.16
1958,45.8
1959,39.24
1960,56.24
1961,57.6
1962,63.2
1963,330.56
1964,45.52
1965,407.4
1966,63.88
1967,58.0
1968,85.32
1969,315.4
1970,116.0
1971,55.12
1972,52.16
1973,50.24
1974,118.72
1975,144.32
1976,45.28
1977,65.56
1978,129.52
1979,64.6
1980,97.84
1981,50.44
1982,59.84
1983,67.2
1984,105.08
1985,60.92
1986,54.8
1987,45.6
1988,93.88
1989,80.32
1990,223.36
1991,44.44
1992,61.96
1993,131.56
1994,41.84
1995,70.0
1996,111.48
1997,49.32
1998,52.0
1999,41.92
2000,73.24
2001,142.04
2002,75.24
2003,36.32
2004,161.32
2005,85.48
2006,174.68
2007,49.56
2008,52.64
2009,77.68
2010,109.76
2011,88.41333333333333
2012,100.64
2013,77.8
2014,36.2
2015,102.48
2016,64.04
2017,339.28
2018,203.36
2019,85.32
2020,70.76
2021,58.36
2022,79.92
2023,83.4
2024,68.96
2025,206.12
2026,80.12
2027,63.76
2028,56.0
2029,76.84
2030,59.88
2031,35.6
2032,252.96
2033,73.72
2034,83.92
2035,140.4
2036,35.72
2037,276.44
2038,21.68
2039,84.4
2040,63.04
2041,77.32
2042,74.08
2043,56.16
2044,58.28
2045,59.12
2046,258.76
2047,59.0
2048,237.8
2049,119.88
2050,54.02
2051,53.96
2052,56.2
2053,80.8
2054,51.2
2055,74.68
2056,52.84
2057,136.16
2058,53.04
2059,424.64
2060,82.52
2061,58.08
2062,60.68
2063,54.48
2064,203.92
2065,26.76
2066,69.72
2067,82.4
2068,185.76
2069,49.76
2070,77.08
2071,37.52
2072,166.48
2073,51.12
2074,100.24
2075,63.88
2076,237.28
2077,55.24
2078,36.6
2079,116.52
2080,144.2
2081,92.6
2082,56.76
2083,135.8
2084,65.28
2085,266.2
2086,213.8
2087,27.48
2088,51.16
2089,60.24
2090,135.76
2091,51.08
2092,53.96
2093,124.4
2094,144.84
2095,65.36
2096,354.96
2097,97.04
2098,141.2
2099,133.56
2100,83.68
2101,42.92
2102,44.64
2103,49.48
2104,83.48
2105,133.6
2106,55.08
2107,337.48
2108,36.84
2109,264.92
2110,101.88
2111,208.12
2112,53.2
2113,161.28
2114,76.72
2115,103.52
2116,201.64
2117,50.0
2118,48.28
2119,49.36
2120,97.76
2121,70.48
2122,45.96
2123,110.44
2124,113.92
2125,38.04
2126,54.72
2127,93.56
2128,240.04
2129,194.48
2130,67.84
2131,50.8
2132,58.6
2133,48.0
2134,123.32
2135,72.56
2136,60.6
2137,50.16
2138,33.72
2139,130.81333333333333
2140,134.16
2141,397.8
2142,98.04
2143,54.2
2144,38.16
2145,157.48
2146,48.44
2147,60.64
2148,64.24
2149,108.52
2150,56.88
2151,42.16
2152,173.64
2153,43.48
2154,54.52
2155,66.88
2156,90.24
2157,83.44
2158,43.4
2159,43.84
2160,197.56
2161,103.08
2162,57.4
2163,118.48
2164,59.8
2165,108.08
2166,442.2
2167,93.24
2168,43.04
2169,65.76
2170,98.64
2171,251.92
2172,51.2
2173,74.44
2174,50.08
2175,135.12
2176,163.76
2177,110.24
2178,261.88
2179,181.44
2180,80.96
2181,51.52
2182,88.92
2183,53.68
2184,64.2
2185,54.88
2186,67.12
2187,100.68
2188,418.12
2189,73.0
2190,48.52
2191,62.8
2192,54.4
2193,92.6
2194,171.44
2195,56.72
2196,56.56
2197,29.24
2198,98.64
2199,55.96
2200,177.92
2201,46.2
2202,51.0
2203,51.96
2204,45.08
2205,94.28
2206,69.52
2207,39.44
2208,57.16
2209,47.12
2210,31.24
2211,118.28
2212,24.64
2213,374.16
2214,69.56
2215,43.92
2216,310.16
2217,78.88
2218,92.76
2219,43.64
2220,347.88
2221,65.96
2222,51.2
2223,73.44
2224,65.6
2225,56.0
2226,33.2
2227,76.04
2228,49.6
2229,50.84
2230,106.56
2231,85.08
2232,37.4
2233,57.6
2234,127.12
2235,79.12
2236,52.56
2237,124.02
2238,57.0
2239,78.56
2240,340.52
2241,190.6
2242,187.88
2243,48.12
2244,91.28
2245,156.2
2246,52.88
2247,34.04
2248,34.0
2249,36.52
2250,61.04
2251,170.96
2252,178.24
2253,248.48
2254,119.28
2255,51.6
2256,105.2
2257,46.96
2258,54.0
2259,68.08
2260,203.96
2261,88.72
2262,118.4
2263,77.4
2264,355.24
2265,47.48
2266,246.8
2267,63.28
2268,57.48
2269,31.56
2270,60.2
2271,45.76
2272,160.56
2273,49.48
2274,42.68
2275,38.16
2276,60.2
2277,46.12
2278,67.72
2279,60.0
2280,420.52
2281,62.44
2282,50.88
2283,58.72
2284,50.8
2285,41.16
2286,66.84
2287,125.6
2288,50.04
2289,121.4
2290,50.32
2291,44.16
2292,262.56
2293,176.0
2294,82.16
2295,115.6
2296,424.4
2297,265.16
2298,44.04
2299,51.08
2300,138.28
2301,236.16
2302,60.64
2303,90.8
2304,74.44
2305,294.72
2306,54.2
2307,67.08
2308,55.16
2309,78.92
2310,47.08
2311,58.0
2312,98.36
2313,226.32
2314,214.12
2315,154.28
2316,123.28
2317,59.08
2318,103.52
2319,53.12
2320,52.16
2321,77.28
2322,53.96
2323,85.76
2324,189.96
2325,129.48
2326,124.0
2327,84.88
2328,74.56
2329,48.72
2330,134.76
2331,75.2
2332,80.48
2333,252.76
2334,281.92
2335,50.48
2336,78.28
2337,42.44
2338,54.24
2339,93.4
2340,59.16
2341,29.12
2342,50.8
2343,56.28
2344,67.16
2345,79.52
2346,125.0
2347,100.16
2348,50.52
2349,56.88
2350,271.6
2351,190.88
2352,53.8
2353,38.6
2354,62.24
2355,84.28
2356,58.36
2357,50.64
2358,52.24
2359,38.96
2360,75.28
2361,128.92
2362,50.96
2363,46.32
2364,76.36
2365,46.52
2366,95.8
2367,239.28
2368,41.56
2369,40.44
2370,65.84
2371,54.04
2372,93.64
2373,276.0
2374,80.32
2375,54.72
2376,40.8
2377,140.04
2378,55.64
2379,31.6
2380,89.4
2381,53.92
2382,38.08
2383,69.64
2384,43.4
2385,37.48
2386,51.04
2387,46.64
2388,89.36
2389,110.08
2390,83.08
2391,211.44
2392,47.96
2393,79.84
2394,47.52
2395,32.92
2396,111.56
2397,87.2
2398,90.8
2399,90.12
2400,65.8
2401,390.84
2402,69.2
2403,56.08
2404,53.32
2405,82.48
2406,54.56
2407,73.64
2408,95.0
2409,59.04
2410,250.28
2411,66.28
2412,264.28
2413,87.64
2414,53.48
2415,61.04
2416,58.96
2417,48.36
2418,53.04
2419,49.32
2420,53.24
2421,129.56
2422,66.28
2423,140.6
2424,225.16
2425,55.44
2426,64.92
2427,115.96
2428,54.76
2429,53.32
2430,50.04
2431,101.8
2432,99.12
2433,41.72
2434,48.44
2435,63.48
2436,196.32
2437,50.68
2438,50.08
2439,279.44
2440,122.44
2441,75.4
2442,41.24
2443,138.84
2444,97.68
2445,119.32
2446,57.64
2447,55.48
2448,53.28
2449,60.96
2450,390.04
2451,68.12
2452,50.8
2453,56.08
2454,52.4
2455,49.84
2456,286.8
2457,72.96
2458,53.2
2459,219.16
2460,48.08
2461,38.68
2462,46.6
2463,112.68
2464,67.64
2465,114.68
2466,232.4
2467,85.88
2468,55.0
2469,598.2
2470,368.6
2471,49.16
2472,51.44
2473,37.08
2474,53.84
2475,121.84
2476,109.36
2477,50.68
2478,52.08
2479,62.28
2480,36.8
2481,51.12
2482,63.68
2483,55.64
2484,38.0
2485,53.84
2486,86.6
2487,61.04
2488,179.72
2489,64.44
2490,332.92
2491,48.8
2492,100.08
2493,302.92
2494,53.84
2495,50.12
2496,204.2
2497,66.44
2498,253.4
2499,98.64
2500,114.12
2501,31.12
2502,371.76
2503,48.4
2504,41.2
2505,77.4
2506,99.6
2507,60.48
2508,56.72
2509,65.4
2510,56.96
2511,56.12
2512,58.48
2513,467.2
2514,35.68
2515,42.08
2516,73.48
2517,140.44
2518,59.8
2519,198.52
2520,49.64
2521,39.08
2522,72.2
2523,125.52
2524,229.64
2525,58.32
2526,154.68
2527,77.28
2528,50.64
2529,52.8
2530,43.0
2531,56.56
2532,202.52
2533,98.48
2534,72.08
2535,175.32
2536,63.28
2537,315.72
2538,88.72
2539,204.44
2540,142.92
2541,174.32
2542,231.0
2543,56.6
2544,116.44
2545,57.52
2546,54.76
2547,58.2
2548,86.76
2549,253.88
2550,106.44
2551,78.76
2552,47.76
2553,51.2
2554,53.56
2555,173.8
2556,144.16
2557,77.32
2558,248.0
2559,254.64
2560,52.24
2561,45.04
2562,59.64
2563,195.0
2564,95.4
2565,52.04
2566,55.32
2567,94.88
2568,69.92
2569,302.16
2570,63.76
2571,74.32
2572,67.56
2573,50.36
2574,53.32
2575,382.44
2576,57.6
2577,61.84
2578,107.6
2579,51.12
2580,147.28
2581,381.24
2582,83.64
2583,224.0
2584,50.6
2585,60.88
2586,152.68
2587,46.72
2588,142.36
2589,114.08
2590,299.0
2591,90.08
2592,45.12
2593,67.8
2594,53.88
2595,71.68
2596,62.28
2597,60.32
2598,74.56
2599,102.44
2600,100.08
2601,224.44
2602,55.76
2603,60.44
2604,71.0
2605,54.36
2606,131.24
2607,41.52
2608,77.48
2609,49.76
2610,53.0
2611,53.12
2612,158.92
2613,38.84
2614,35.8
2615,82.36
2616,102.04
2617,81.4
2618,278.2
2619,74.4
2620,61.12
2621,116.4
2622,85.52
2623,80.96
2624,46.56
2625,43.56
2626,58.96
2627,54.32
2628,112.24
2629,113.64
2630,97.92
2631,297.44
2632,110.08
2633,107.68
2634,57.64
2635,137.72
2636,58.32
2637,54.8
2638,77.52
2639,462.72
2640,66.2
2641,52.8
2642,367.64
2643,203.12
2644,69.8
2645,54.28
2646,60.36
2647,55.16
2648,36.36
2649,59.6
2650,137.32
2651,143.92
2652,34.24
2653,96.36
2654,59.44
2655,132.92
2656,49.76
2657,87.2
2658,36.68
2659,57.64
2660,57.76
2661,40.92
2662,73.84
2663,397.36
2664,106.36
2665,51.08
2666,48.56
2667,189.84
2668,121.2
2669,35.52
2670,55.84
2671,55.64
2672,89.6
2673,102.92
2674,133.72
2675,75.48
2676,49.6
2677,58.2
2678,122.84
2679,117.52
2680,43.68
2681,47.68
2682,199.76
2683,83.88
2684,304.4
2685,66.76
2686,119.68
2687,84.6
2688,94.12
2689,118.52
2690,148.12
2691,287.12
2692,224.8
2693,138.88
2694,60.0
2695,54.36
2696,43.56
2697,51.36
2698,49.48
2699,45.72
2700,57.7
2701,732.6
2702,89.64
2703,45.64
2704,52.44
2705,54.0
2706,45.04
2707,35.84
2708,280.4
2709,56.36
2710,58.52
2711,53.44
2712,50.12
2713,83.68
2714,51.92
2715,53.0
2716,95.16
2717,102.64
2718,100.48
2719,46.96
2720,61.92
2721,102.36
2722,181.0
2723,40.52
2724,67.84
2725,56.92
2726,58.68
2727,45.44
2728,293.76
2729,79.36
2730,81.24
2731,207.56
2732,123.8
2733,328.48
2734,46.12
2735,59.44
2736,435.92
2737,131.88
2738,59.4
2739,59.92
2740,78.88
2741,59.84
2742,376.2
2743,40.48
2744,266.64
2745,73.64
2746,133.8
2747,101.96
2748,48.44
2749,59.08
2750,68.28
2751,49.92
2752,47.6
2753,55.56
2754,213.16
2755,283.24
2756,44.88
2757,129.08
2758,66.08
2759,50.92
2760,59.0
2761,104.8
2762,61.92
2763,44.88
2764,70.24
2765,78.52
2766,221.12
2767,58.36
2768,27.8
2769,126.08
2770,36.88
2771,46.84
2772,57.0
2773,105.24
2774,46.6
2775,49.2
2776,79.36
2777,137.68
2778,65.24
2779,40.48
2780,49.4
2781,103.96
2782,497.64
2783,92.04
2784,54.28
2785,55.04
2786,108.44
2787,53.92
2788,44.68
2789,57.32
2790,49.6
2791,137.2
2792,51.88
2793,46.76
2794,49.68
2795,124.36
2796,67.64
2797,124.48
2798,40.92
2799,96.56
2800,71.28
2801,77.0
2802,147.8
2803,343.68
2804,81.4
2805,57.32
2806,39.32
2807,54.84
2808,100.76
2809,46.16
2810,48.92
2811,60.88
2812,73.92
2813,64.68
2814,49.6
2815,100.52
2816,70.04
2817,120.0
2818,93.36
2819,281.48
2820,67.68
2821,55.2
2822,51.24
2823,56.92
2824,138.4
2825,358.12
2826,157.2
2827,219.68
2828,94.32
2829,107.52
2830,136.6
2831,52.84
2832,55.12
2833,84.68
2834,64.36
2835,99.84
2836,80.52
2837,107.32
2838,113.88
2839,174.12
2840,50.28
2841,116.12
2842,87.2
2843,41.2
2844,56.92
2845,393.8
2846,281.2
2847,82.32
2848,50.04
2849,78.36
2850,125.61333333333334
2851,43.12
2852,61.92
2853,57.84
2854,37.44
2855,55.12
2856,39.8
2857,93.64
2858,65.24
2859,67.12
2860,49.24
2861,201.96
2862,123.52
2863,84.84
2864,48.56
2865,145.44
2866,260.88
2867,57.2
2868,56.88
2869,97.92
2870,94.6
2871,56.24
2872,61.68
2873,101.52
2874,109.04
2875,59.88
2876,153.48
2877,94.36
2878,128.64
2879,101.8
2880,51.24
2881,118.16
2882,648.16
2883,42.88
2884,48.12
2885,54.84
2886,50.44
2887,32.12
2888,112.48
2889,57.16
2890,123.08
2891,108.96
2892,51.32
2893,77.44
2894,279.16
2895,54.44
2896,274.32
2897,139.16
2898,44.2
2899,91.2
2900,103.88
2901,354.72
2902,66.88
2903,120.4
2904,69.96
2905,82.64
2906,65.92
2907,60.36
2908,45.08
2909,49.96
2910,246.88
2911,211.96
2912,99.88
2913,54.96
2914,65.12
2915,125.84
2916,67.76
2917,50.32
2918,51.52
2919,108.4
2920,43.32
2921,44.84
2922,78.68
2923,60.56
2924,74.72
2925,56.92
2926,40.48
2927,57.2
2928,51.28
2929,52.4
2930,204.8
2931,71.4
2932,64.6
2933,57.16
2934,115.32
2935,107.64
2936,53.88
2937,93.48
2938,30.92
2939,54.28
2940,253.92
2941,75.12
2942,62.84
2943,214.96
2944,122.28
2945,92.32
2946,238.56
2947,63.12
2948,105.16
2949,59.08
2950,43.64
2951,60.6
2952,45.04
2953,223.32
2954,155.36
2955,43.92
2956,72.6
2957,59.68
2958,54.76
2959,52.88
2960,56.12
2961,53.04
2962,41.8
2963,43.88
2964,66.0
2965,179.36
2966,41.52
2967,116.6
2968,196.32
2969,67.16
2970,142.4
2971,105.52
2972,79.44
2973,53.16
2974,244.56
2975,49.48
2976,59.68
2977,69.44
2978,83.0
2979,101.08
2980,56.04
2981,191.64
2982,496.24
2983,54.32
2984,35.68
2985,49.84
2986,50.08
2987,125.64
2988,34.76
2989,67.16
2990,68.32
2991,60.12
2992,43.4
2993,78.8
2994,53.2
2995,54.72
2996,81.72
2997,118.52
2998,55.8
2999,56.92
3000,412.8
3001,211.96
3002,71.24
3003,127.48
3004,37.64
3005,77.16
3006,145.68
3007,102.92
3008,78.72
3009,49.56
3010,127.12
3011,48.0
3012,98.56
3013,59.12
3014,59.92
3015,242.16
3016,94.52
3017,50.56
3018,160.68
3019,45.92
3020,235.08
3021,135.08
3022,43.0
3023,123.72
3024,53.84
3025,41.64
3026,56.12
3027,55.36
3028,59.2
3029,178.2
3030,100.56
3031,62.36
3032,371.4
3033,57.48
3034,77.56
3035,212.92
3036,61.0
3037,37.4
3038,79.6
3039,50.04
3040,58.48
3041,63.64
3042,52.6
3043,280.36
3044,103.2
3045,73.8
3046,46.12
3047,106.04
3048,91.04
3049,95.32
3050,52.56
3051,45.4
3052,47.48
3053,60.76
3054,61.72
3055,42.24
3056,102.08
3057,122.88
3058,39.36
3059,156.84
3060,30.08
3061,101.56
3062,44.28
3063,35.28
3064,76.32
3065,61.76
3066,219.84
3067,73.4
3068,104.0
3069,51.44
3070,49.36
3071,53.88
3072,170.36
3073,53.96
3074,44.68
3075,401.88
3076,77.8
3077,129.04
3078,54.32
3079,140.04
3080,55.44
3081,38.96
3082,383.48
3083,59.92
3084,47.08
3085,106.4
3086,59.36
3087,191.84
3088,332.16
3089,55.6
3090,76.44
3091,552.6
3092,46.2
3093,43.16
3094,55.6
3095,50.36
3096,134.08
3097,77.04
3098,86.52
3099,49.72
3100,92.0
3101,53.04
3102,111.76
3103,56.4
3104,237.4
3105,36.48
3106,128.2
3107,45.0
3108,128.8
3109,69.8
3110,118.52
3111,123.0
3112,122.4
3113,45.08
3114,61.96
3115,42.12
3116,57.08
3117,217.52
3118,190.08
3119,161.92
3120,70.92
3121,66.36
3122,84.72
3123,122.0
3124,114.68
3125,44.52
3126,42.64
3127,57.84
3128,52.28
3129,57.36
3130,67.68
3131,30.32
3132,65.24
3133,39.8
3134,103.96
3135,102.72
3136,289.12
3137,50.72
3138,170.48
3139,57.44
3140,101.6
3141,52.6
3142,530.92
3143,123.04
3144,85.88
3145,61.96
3146,39.2
3147,74.0
3148,43.4
3149,67.96
3150,41.4
3151,65.44
3152,92.12
3153,59.8
3154,267.84
3155,64.56
3156,37.24
3157,57.4
3158,55.62
3159,51.88
3160,311.96
3161,55.88
3162,50.76
3163,57.4
3164,153.96
3165,87.92
3166,51.36
3167,55.88
3168,443.12
3169,51.72
3170,224.12
3171,108.0
3172,114.68
3173,36.28
3174,71.55
3175,62.36
3176,55.04
3177,66.56
3178,88.76
3179,147.88
3180,92.56
3181,46.84
3182,40.16
3183,58.96
3184,53.68
3185,37.6
3186,243.96
3187,60.8
3188,43.0
3189,74.2
3190,93.32
3191,64.88
3192,125.08
3193,69.8
3194,58.0
3195,62.88
3196,81.48
3197,93.92
3198,100.6
3199,237.72
3200,50.6
3201,49.28
3202,45.72
3203,74.32
3204,70.32
3205,44.2
3206,59.88
3207,43.28
3208,58.56
3209,44.88
3210,66.36
3211,72.4
3212,26.56
3213,72.6
3214,63.64
3215,52.96
3216,43.96
3217,62.8
3218,86.0
3219,47.08
3220,126.36
3221,341.8
3222,93.64
3223,52.6
3224,156.28
3225,207.24
3226,53.64
3227,157.04
3228,593.88
3229,30.16
3230,63.12
3231,43.4
3232,55.64
3233,154.8
3234,39.48
3235,73.4
3236,112.56
3237,136.72
3238,190.08
3239,54.48
3240,118.44
3241,81.32
3242,79.16
3243,47.76
3244,57.8
3245,492.6
3246,115.44
3247,93.68
3248,49.84
3249,125.8
3250,70.32
3251,75.4
3252,47.2
3253,85.56
3254,59.68
3255,98.44
3256,39.92
3257,84.2
3258,60.84
3259,65.12
3260,141.36
3261,106.56
3262,127.48
3263,32.76
3264,28.12
3265,254.96
3266,49.28
3267,45.4
3268,46.24
3269,44.68
3270,150.76
3271,249.68
3272,89.04
3273,51.32
3274,61.72
3275,105.44
3276,281.88
3277,63.16
3278,103.36
3279,62.08
3280,59.04
3281,39.08
3282,52.24
3283,81.32
3284,74.04
3285,82.48
3286,56.48
3287,67.68
3288,46.24
3289,49.76
3290,46.88
3291,125.08
3292,131.84
3293,54.48
3294,52.44
3295,93.28
3296,41.68
3297,42.96
3298,124.44
3299,85.52
3300,45.88
3301,231.32
3302,80.96
3303,46.52
3304,84.44
3305,56.28
3306,120.65333333333334
3307,207.36
3308,131.2
3309,29.48
3310,75.6
3311,91.84
3312,58.76
3313,56.0
3314,77.16
3315,84.92
3316,147.72
3317,62.36
3318,58.68
3319,74.04
3320,49.96
3321,62.36
3322,55.68
3323,50.04
3324,231.08
3325,69.44
3326,89.8
3327,93.0
3328,219.56
3329,123.6
3330,77.56
3331,164.32
3332,81.56
3333,99.4
3334,50.68
3335,246.24
3336,97.16
3337,171.6
3338,93.8
3339,178.08
3340,117.88
3341,55.88
3342,41.2
3343,77.48
3344,51.04
3345,95.12
3346,46.04
3347,133.4
3348,81.12
3349,84.04
3350,459.04
3351,54.52
3352,128.28
3353,86.32
3354,71.08
3355,91.32
3356,76.12
3357,52.36
3358,47.32
3359,59.8
3360,129.88
3361,98.52
3362,60.76
3363,56.2
3364,107.64
3365,203.16
3366,57.24
3367,172.12
3368,112.6
3369,153.64
3370,30.92
3371,42.68
3372,26.4
3373,48.6
3374,86.36
3375,50.48
3376,87.52
3377,77.32
3378,41.16
3379,113.16
3380,99.52
3381,41.36
3382,39.08
3383,100.92
3384,54.64
3385,310.16
3386,221.52
3387,50.0
3388,344.4
3389,88.28
3390,162.96
3391,34.44
3392,264.48
3393,107.96
3394,117.84
3395,30.6
3396,60.04
3397,56.88
3398,90.24
3399,59.72
3400,90.32
3401,81.0
3402,39.04
3403,422.2
3404,136.68
3405,47.68
3406,51.76
3407,53.68
3408,43.64
3409,59.44
3410,109.04
3411,58.2
3412,45.8
3413,51.92
3414,58.08
3415,79.08
3416,59.88
3417,74.84
3418,48.0
3419,30.16
3420,46.04
3421,56.4
3422,268.84
3423,51.32
3424,39.2
3425,133.36
3426,58.8
3427,262.12
3428,70.52
3429,46.36
3430,57.68
3431,70.36
3432,46.64
3433,53.28
3434,46.88
3435,67.56
3436,43.56
3437,48.92
3438,56.8
3439,136.44
3440,46.76
3441,328.32
3442,62.44
3443,196.24
3444,81.32
3445,41.56
3446,27.24
3447,121.92
3448,94.2
3449,66.6
3450,43.4
3451,176.52
3452,54.08
3453,48.2
3454,110.24
3455,64.76
3456,101.24
3457,340.68
3458,70.04
3459,47.24
3460,46.04
3461,60.92
3462,485.16
3463,179.76
3464,33.24
3465,43.24
3466,55.36
3467,60.92
3468,73.56
3469,63.92
3470,36.32
3471,125.24
3472,310.56
3473,38.36
3474,37.92
3475,59.88
3476,321.08
3477,79.92
3478,287.36
3479,86.32
3480,174.4
3481,78.32
3482,248.12
3483,111.88
3484,58.4
3485,54.16
3486,125.64
3487,455.76
3488,45.92
3489,56.32
3490,61.56
3491,45.68
3492,91.4
3493,153.16
3494,53.36
3495,70.56
3496,56.84
3497,71.96
3498,58.4
3499,202.6
3500,56.04
3501,56.32
3502,69.8
3503,133.16
3504,123.4
3505,64.8
3506,90.24
3507,72.64
3508,52.4
3509,79.0
3510,53.58
3511,55.36
3512,66.8
3513,72.88
3514,156.52
3515,360.16
3516,37.72
3517,175.72
3518,25.56
3519,337.48
3520,56.44
3521,117.08
3522,51.56
3523,109.72
3524,98.88
3525,119.28
3526,42.0
3527,97.88
3528,56.08
3529,81.6
3530,114.32
3531,95.96
3532,56.4
3533,124.52
3534,65.12
3535,86.32
3536,59.64
3537,373.68
3538,44.92
3539,48.48
3540,44.0
3541,208.88
3542,67.52
3543,120.76
3544,69.56
3545,65.8
3546,87.44
3547,46.4
3548,58.56
3549,42.92
3550,59.28
3551,96.92
3552,126.4
3553,99.88
3554,203.68
3555,239.2
3556,96.92
3557,61.32
3558,46.2
3559,61.68
3560,92.64
3561,68.88
3562,35.12
3563,65.2
3564,117.0
3565,100.68
3566,91.6
3567,138.24
3568,55.96
3569,52.56
3570,55.36
3571,62.08
3572,114.96
3573,63.76
3574,34.44
3575,169.0
3576,50.48
3577,83.76
3578,56.62
3579,50.28
3580,64.8
3581,69.0
3582,51.6
3583,78.0
3584,60.6
3585,114.76
3586,106.96
3587,77.8
3588,65.92
3589,159.44
3590,79.28
3591,103.16
3592,136.84
3593,112.88
3594,61.8
3595,72.92
3596,58.16
3597,62.0
3598,129.8
3599,266.16
3600,60.16
3601,92.28
3602,48.24
3603,65.72
3604,55.44
3605,52.32
3606,257.4
3607,36.44
3608,55.4
3609,49.76
3610,61.52
3611,51.76
3612,105.32
3613,44.76
3614,389.84
3615,50.6
3616,89.76
3617,206.28
3618,34.64
3619,188.68
3620,86.76
3621,116.52
3622,52.88
3623,65.4
3624,135.04
3625,162.12
3626,78.68
3627,118.4
3628,109.64
3629,111.28
3630,108.04
3631,172.04
3632,163.88
3633,77.64
3634,66.84
3635,118.24
3636,98.92
3637,130.36
3638,87.68
3639,70.08
3640,59.84
3641,78.64
3642,108.6
3643,235.44
3644,58.88
3645,272.24
3646,73.44
3647,60.0
3648,33.68
3649,32.44
3650,69.12
3651,93.32
3652,83.12
3653,403.0
3654,66.72
3655,52.72
3656,46.12
3657,105.4
3658,86.8
3659,100.0
3660,229.6
3661,58.52
3662,93.28
3663,61.04
3664,54.8
3665,262.6
3666,60.16
3667,67.4
3668,45.68
3669,59.72
3670,309.84
3671,50.32
3672,74.16
3673,68.08
3674,104.44
3675,114.28
3676,55.88
3677,46.08
3678,63.2
3679,37.88
3680,88.04
3681,33.72
3682,47.08
3683,50.76
3684,49.72
3685,56.6
3686,64.72
3687,174.84
3688,198.84
3689,296.8
3690,53.88
3691,32.32
3692,64.6
3693,42.72
3694,45.52
3695,316.08
3696,47.6
3697,44.6
3698,69.8
3699,37.44
3700,52.0
3701,47.68
3702,36.64
3703,69.0
3704,43.28
3705,41.12
3706,119.88
3707,42.16
3708,69.92
3709,326.56
3710,145.52
3711,49.6
3712,80.92
3713,45.64
3714,196.64
3715,55.0
3716,101.16
3717,73.52
3718,376.4
3719,150.12
3720,52.24
3721,115.76
3722,48.6
3723,61.88
3724,128.84
3725,65.92
3726,201.08
3727,39.12
3728,51.64
3729,112.84
3730,45.4
3731,74.88
3732,214.32
3733,109.96
3734,73.24
3735,51.8
3736,58.8
3737,50.6
3738,342.16
3739,48.4
3740,94.92
3741,60.0
3742,114.88
3743,429.4
3744,52.36
3745,60.2
3746,60.12
3747,124.0
3748,33.6
3749,40.4
3750,117.24
3751,56.16
3752,50.92
3753,70.2
3754,64.2
3755,41.6
3756,325.08
3757,62.32
3758,55.48
3759,62.88
3760,51.68
3761,85.52
3762,52.28
3763,107.4
3764,58.2
3765,77.64
3766,77.56
3767,59.96
3768,184.76
3769,48.68
3770,48.88
3771,31.32
3772,120.28
3773,103.72
3774,50.44
3775,51.32
3776,51.56
3777,84.32
3778,56.76
3779,57.4
3780,213.8
3781,92.2
3782,91.96
3783,52.88
3784,94.88
3785,33.8
3786,51.04
3787,125.4
3788,314.68
3789,60.12
3790,56.8
3791,57.88
3792,50.48
3793,55.72
3794,54.4
3795,56.8
3796,269.4
3797,42.56
3798,36.52
3799,170.32
3800,62.56
3801,56.96
3802,56.8
3803,154.52
3804,72.92
3805,63.48
3806,56.84
3807,57.4
3808,88.12
3809,50.0
3810,33.76
3811,107.96
3812,54.36
3813,60.0
3814,93.52
3815,35.12
3816,50.44
3817,96.96
3818,208.52
3819,45.76
3820,56.28
3821,40.92
3822,112.52
3823,46.2
3824,38.96
3825,374.2
3826,70.88
3827,53.72
3828,54.12
3829,51.6
3830,60.88
3831,101.84
3832,37.76
3833,59.88
3834,99.44
3835,207.16
3836,51.76
3837,107.12
3838,51.24
3839,239.24
3840,124.92
3841,77.28
3842,81.88
3843,33.0
3844,27.76
3845,43.64
3846,49.96
3847,43.28
3848,131.44
3849,113.16
3850,97.96
3851,99.36
3852,54.6
3853,61.4
3854,40.08
3855,97.84
3856,46.2
3857,54.04
3858,50.08
3859,53.92
3860,272.04
3861,52.36
3862,50.4
3863,39.52
3864,98.12
3865,47.32
3866,82.12
3867,58.56
3868,42.32
3869,49.0
3870,48.72
3871,349.52
3872,82.6
3873,228.4
3874,44.52
3875,46.32
3876,99.12
3877,349.08
3878,323.96
3879,60.08
3880,60.92
3881,74.64
3882,53.68
3883,61.28
3884,66.4
3885,59.0
3886,65.4
3887,44.64
3888,341.8
3889,50.56
3890,45.16
3891,89.64
3892,76.04
3893,109.44
3894,134.32
3895,56.4
3896,47.52
3897,89.48
3898,50.64
3899,65.96
3900,75.2
3901,258.96
3902,114.12
3903,102.88
3904,33.96
3905,62.4
3906,219.2
3907,67.4
3908,74.56
3909,100.0
3910,35.52
3911,227.04
3912,54.8
3913,76.48
3914,153.48
3915,87.72
3916,375.92
3917,268.28
3918,52.72
3919,118.68
3920,76.2
3921,48.28
3922,338.6
3923,87.96
3924,105.0
3925,381.24
3926,45.92
3927,36.32
3928,167.52
3929,92.8
3930,52.72
3931,68.8
3932,59.36
3933,56.0
3934,27.6
3935,61.88
3936,89.0
3937,93.64
3938,41.76
3939,70.72
3940,69.96
3941,68.92
3942,47.28
3943,100.68
3944,98.04
3945,62.44
3946,79.6
3947,61.0
3948,47.04
3949,155.96
3950,113.16
3951,46.92
3952,49.92
3953,89.08
3954,50.8
3955,67.68
3956,99.96
3957,151.28
3958,53.52
3959,56.28
3960,59.32
3961,68.0
3962,79.28
3963,50.96
3964,230.6
3965,50.8
3966,262.44
3967,123.68
3968,61.44
3969,116.36
3970,56.48
3971,55.44
3972,95.2
3973,103.08
3974,76.72
3975,66.68
3976,41.08
3977,108.56
3978,170.6
3979,46.96
3980,76.12
3981,83.24
3982,54.24
3983,263.36
3984,68.52
3985,49.72
3986,106.68
3987,257.32
3988,42.28
3989,29.08
3990,46.08
3991,52.64
3992,62.32
3993,141.66
3994,35.24
3995,36.88
3996,120.84
3997,68.12
3998,111.6
3999,153.68
4000,54.72
4001,66.48
4002,50.24
4003,36.2
4004,53.72
4005,47.72
4006,127.76
4007,172.36
4008,58.2
4009,300.84
4010,115.04
4011,171.36
4012,42.36
4013,46.44
4014,106.44
4015,247.64
4016,43.28
4017,160.6
4018,155.6
4019,49.48
4020,165.72
4021,376.72
4022,83.52
4023,52.48
4024,114.72
4025,60.4
4026,79.4
4027,81.52
4028,236.28
4029,69.96
4030,71.28
4031,148.12
4032,104.6
4033,76.24
4034,51.72
4035,125.12
4036,48.36
4037,72.24
4038,75.04
4039,72.88
4040,60.04
4041,108.52
4042,105.64
4043,62.92
4044,101.52
4045,56.88
4046,188.08
4047,62.04
4048,96.56
4049,114.02
4050,51.08
4051,114.18
4052,55.32
4053,62.4
4054,87.56
4055,52.32
4056,88.16
4057,55.0
4058,93.12
4059,93.04
4060,103.44
4061,51.4
4062,44.6
4063,46.8
4064,51.72
4065,47.64
4066,65.68
4067,153.76
4068,54.8
4069,54.96
4070,51.52
4071,46.72
4072,185.12
4073,52.92
4074,49.16
4075,38.12
4076,54.4
4077,134.92
4078,91.12
4079,44.68
4080,55.12
4081,88.56
4082,195.0
4083,88.48
4084,54.32
4085,62.92
4086,79.36
4087,71.63
4088,106.68
4089,56.8
4090,55.32
4091,157.92
4092,50.84
4093,58.44
4094,60.4
4095,51.32
4096,156.16
4097,57.2
4098,55.96
4099,30.8
4100,40.24
4101,161.56
4102,48.44
4103,52.72
4104,98.28
4105,111.2
4106,49.04
4107,68.2
4108,69.44
4109,89.08
4110,50.12
4111,75.28
4112,59.84
4113,51.72
4114,39.88
4115,57.56
4116,121.16
4117,35.88
4118,63.8
4119,72.76
4120,61.52
4121,85.28
4122,31.88
4123,58.76
4124,115.96
4125,52.68
4126,62.64
4127,77.68
4128,42.8
4129,50.52
4130,57.04
4131,116.56
4132,54.04
4133,89.68
4134,55.36
4135,241.56
4136,54.56
4137,59.28
4138,50.32
4139,149.4
4140,414.52
4141,66.36
4142,31.88
4143,62.16
4144,115.12
4145,43.4
4146,113.08
4147,57.48
4148,49.28
4149,107.44
4150,125.2
4151,48.64
4152,81.6
4153,94.16
4154,217.12
4155,95.56
4156,62.72
4157,25.48
4158,55.96
4159,39.4
4160,56.28
4161,48.2
4162,64.72
4163,35.76
4164,37.0
4165,82.24
4166,127.36
4167,181.6
4168,55.04
4169,104.6
4170,134.12
4171,319.52
4172,58.56
4173,61.24
4174,57.36
4175,50.76
4176,54.08
4177,33.12
4178,122.32
4179,52.68
4180,51.04
4181,47.08
4182,71.84
4183,102.6
4184,43.24
4185,28.8
4186,94.48
4187,72.92
4188,50.72
4189,35.8
4190,85.6
4191,30.44
4192,48.88
4193,60.92
4194,197.24
4195,64.16
4196,22.6
4197,303.0
4198,59.76
4199,98.36
4200,111.76
4201,32.12
4202,42.84
4203,490.88
4204,69.72
4205,63.84
4206,54.44
4207,64.24
4208,84.8
4209,52.04
4210,265.64
4211,66.04
4212,67.16
4213,76.72
4214,65.32
4215,122.12
4216,50.64
4217,50.68
4218,98.84
4219,44.28
4220,230.88
4221,64.48
4222,52.2
4223,133.64
4224,59.52
4225,125.2
4226,110.48
4227,352.72
4228,45.4
4229,110.44
4230,53.0
4231,56.88
4232,46.44
4233,428.32
4234,39.6
4235,58.56
4236,59.04
4237,246.08
4238,64.76
4239,351.44
4240,204.56
4241,59.36
4242,80.64
4243,64.08
4244,50.72
4245,55.04
4246,51.32
4247,61.72
4248,64.68
4249,73.92
4250,42.76
4251,44.6
4252,148.64
4253,260.4
4254,56.16
4255,46.0
4256,246.68
4257,64.4
4258,68.6
4259,298.88
4260,58.08
4261,44.64
4262,128.4
4263,173.92
4264,72.64
4265,45.32
4266,79.68
4267,105.28
4268,94.12
4269,36.96
4270,150.68
4271,123.28
4272,26.36
4273,263.08
4274,99.28
4275,73.6
4276,117.28
4277,114.52
4278,107.36
4279,304.16
4280,111.24
4281,47.32
4282,298.24
4283,44.8
4284,31.8
4285,54.76
4286,82.44
4287,59.92
4288,55.0
4289,251.48
4290,58.96
4291,43.08
4292,140.6
4293,131.92
4294,46.32
4295,234.72
4296,53.56
4297,36.56
4298,79.12
4299,122.68
4300,212.08
4301,56.44
4302,31.68
4303,52.08
4304,363.64
4305,59.68
4306,304.64
4307,209.8
4308,318.96
4309,196.28
4310,293.32
4311,111.72
4312,53.48
4313,50.12
4314,51.64
4315,39.6
4316,56.04
4317,55.08
4318,51.56
4319,289.76
4320,69.28
4321,178.8
4322,57.76
4323,40.28
4324,50.2
4325,68.92
4326,67.44
4327,79.16
4328,162.96
4329,155.04
4330,65.8
4331,43.68
4332,74.12
4333,40.0
4334,56.24
4335,341.4
4336,129.2
4337,41.84
4338,55.84
4339,194.44
4340,52.32
4341,70.72
4342,48.68
4343,39.6
4344,57.52
4345,98.0
4346,170.64
4347,63.56
4348,94.68
4349,55.36
4350,35.4
4351,78.8
4352,87.08
4353,50.68
4354,67.96
4355,53.56
4356,171.44
4357,57.72
4358,139.96
4359,124.6
4360,266.84
4361,225.96
4362,51.84
4363,65.08
4364,171.68
4365,93.52
4366,217.84
4367,138.12
4368,36.04
4369,58.52
4370,68.44
4371,52.04
4372,158.84
4373,65.96
4374,52.0
4375,51.84
4376,115.6
4377,109.24
4378,60.44
4379,49.52
4380,72.8
4381,52.52
4382,75.8
4383,44.56
4384,60.52
4385,63.28
4386,103.92
4387,56.28
4388,57.4
4389,36.64
4390,148.84
4391,119.0
4392,50.76
4393,243.08
4394,29.12
4395,59.24
4396,51.44
4397,70.8
4398,62.4
4399,58.88
4400,64.28
4401,76.48
4402,51.48
4403,184.4
4404,48.64
4405,51.84
4406,46.48
4407,100.2
4408,66.92
4409,158.84
4410,49.08
4411,150.36
4412,82.36
4413,106.92
4414,131.6
4415,56.0
4416,94.04
4417,48.56
4418,55.24
4419,46.32
4420,294.84
4421,87.8
4422,59.44
4423,56.76
4424,110.24
4425,288.0
4426,43.84
4427,95.8
4428,131.44
4429,55.64
4430,39.12
4431,80.52
4432,281.72
4433,60.84
4434,53.92
4435,81.72
4436,80.16
4437,199.36
4438,65.6
4439,28.4
4440,126.88
4441,255.0
4442,77.04
4443,60.08
4444,76.48
4445,74.08
4446,208.2
4447,113.4
4448,43.68
4449,49.24
4450,48.96
4451,33.48
4452,86.2
4453,61.92
4454,93.44
4455,290.08
4456,67.36
4457,247.52
4458,54.04
4459,60.08
4460,63.94
4461,46.24
4462,40.04
4463,87.48
4464,48.4
4465,88.52
4466,304.16
4467,53.0
4468,60.6
4469,51.84
4470,31.84
4471,91.0
4472,83.36
4473,139.92
4474,182.76
4475,100.56
4476,44.84
4477,45.12
4478,74.8
4479,59.76
4480,67.84
4481,36.08
4482,55.32
4483,113.8
4484,43.8
4485,58.72
4486,51.96
4487,87.96
4488,57.16
4489,79.64
4490,103.68
4491,113.44
4492,46.48
4493,98.32
4494,90.36
4495,62.12
4496,91.68
4497,59.92
4498,71.44
4499,54.32
4500,54.52
4501,91.56
4502,66.36
4503,47.24
4504,26.52
4505,56.64
4506,52.52
4507,45.8
4508,58.64
4509,64.32
4510,331.76
4511,21.16
4512,68.44
4513,45.12
4514,63.88
4515,52.6
4516,35.16
4517,77.12
4518,48.52
4519,58.88
4520,56.36
4521,93.56
4522,233.8
4523,48.84
4524,113.2
4525,58.76
4526,37.88
4527,66.0
4528,54.36
4529,60.0
4530,108.48
4531,111.0
4532,63.16
4533,96.29333333333332
4534,109.0
4535,60.4
4536,96.84
4537,66.52
4538,92.2
4539,60.36
4540,221.04
4541,56.08
4542,43.12
4543,189.6
4544,59.2
4545,61.24
4546,66.52
4547,62.84
4548,51.0
4549,174.28
4550,234.12
4551,65.48
4552,142.84
4553,120.96
4554,45.24
4555,52.44
4556,59.28
4557,144.42
4558,50.48
4559,53.16
4560,56.8
4561,52.92
4562,41.56
4563,52.56
4564,81.88
4565,268.04
4566,66.92
4567,115.28
4568,53.32
4569,58.16
4570,61.24
4571,73.08
4572,43.44
4573,65.12
4574,53.0
4575,44.0
4576,50.08
4577,40.36
4578,302.24
4579,98.72
4580,57.96
4581,113.64
4582,421.44
4583,289.44
4584,35.52
4585,55.0
4586,253.76
4587,119.88
4588,190.44
4589,47.08
4590,42.96
4591,51.44
4592,59.68
4593,52.36
4594,101.64
4595,54.8
4596,130.4
4597,82.16
4598,87.72
4599,52.4
4600,31.56
4601,49.76
4602,159.0
4603,77.2
4604,321.96
4605,127.16
4606,86.32
4607,62.56
4608,75.08
4609,39.68
4610,51.08
4611,94.2
4612,40.24
4613,60.64
4614,66.2
4615,381.4
4616,86.24
4617,86.56
4618,58.76
4619,42.6
4620,53.6
4621,129.8
4622,86.0
4623,66.16
4624,42.52
4625,125.36
4626,39.36
4627,48.56
4628,140.8
4629,53.6
4630,51.88
4631,58.04
4632,188.44
4633,56.72
4634,62.96
4635,48.64
4636,181.44
4637,49.68
4638,171.88
4639,92.0
4640,194.56
4641,53.04
4642,56.64
4643,54.2
4644,42.16
4645,112.44
4646,80.44
4647,65.36
4648,62.4
4649,51.56
4650,260.92
4651,54.16
4652,103.12
4653,135.68
4654,50.6
4655,56.4
4656,52.68
4657,50.56
4658,102.36
4659,60.52
4660,48.72
4661,53.72
4662,112.88
4663,51.44
4664,282.68
4665,68.8
4666,39.88
4667,60.64
4668,59.8
4669,61.76
4670,55.08
4671,233.8
4672,57.68
4673,48.16
4674,82.16
4675,30.36
4676,62.16
4677,47.16
4678,40.12
4679,69.52
4680,97.8
4681,51.94
4682,69.68
4683,222.08
4684,68.44
4685,91.36
4686,162.4
4687,52.68
4688,393.12
4689,84.8
4690,54.6
4691,42.56
4692,94.4
4693,68.04
4694,136.76
4695,53.08
4696,58.08
4697,68.76
4698,115.36
4699,59.6
4700,51.24
4701,42.12
4702,76.48
4703,67.08
4704,40.6
4705,100.0
4706,36.68
4707,114.68
4708,130.8
4709,151.44
4710,159.8
4711,56.52
4712,60.56
4713,57.96
4714,53.84
4715,74.44
4716,411.48
4717,100.28
4718,98.64
4719,62.8
4720,57.68
4721,46.48
4722,97.36
4723,51.96
4724,42.8
4725,113.8
4726,156.44
4727,62.04
4728,281.24
4729,89.72
4730,129.72
4731,157.68
4732,40.8
4733,52.64
4734,57.6
4735,128.16
4736,76.36
4737,114.88
4738,68.76
4739,64.16
4740,73.44
4741,81.16
4742,103.16
4743,50.0
4744,40.48
4745,60.0
4746,51.84
4747,50.64
4748,112.96
4749,219.44
4750,119.6
4751,63.04
4752,76.0
4753,41.8
4754,61.32
4755,74.0
4756,255.68
4757,79.2
4758,53.04
4759,42.2
4760,145.24
4761,85.16
4762,89.48
4763,42.0
4764,64.44
4765,117.04
4766,31.76
4767,60.64
4768,70.64
4769,415.24
4770,61.16
4771,64.44
4772,64.16
4773,51.8
4774,100.84
4775,71.4
4776,42.6
4777,195.64
4778,53.0
4779,56.96
4780,87.84
4781,102.44
4782,53.96
4783,55.4
4784,69.96
4785,196.24
4786,119.84
4787,40.76
4788,47.68
4789,33.12
4790,233.6
4791,74.2
4792,73.2
4793,108.44
4794,72.76
4795,61.04
4796,53.48
4797,33.52
4798,57.48
4799,29.68
4800,60.76
4801,110.56
4802,153.12
4803,56.36
4804,51.44
4805,59.4
4806,80.36
4807,91.72
4808,123.36
4809,54.32
4810,102.44
4811,55.64
4812,462.64
4813,57.4
4814,118.84
4815,70.72
4816,84.08
4817,263.08
4818,270.0
4819,82.76
4820,88.52
4821,62.24
4822,35.0
4823,208.88
4824,61.6
4825,55.08
4826,132.44
4827,61.76
4828,56.92
4829,58.92
4830,79.32
4831,32.2
4832,74.16
4833,106.12
4834,94.08
4835,61.48
4836,42.48
4837,39.88
4838,96.92
4839,55.28
4840,46.4
4841,218.08
4842,84.88
4843,248.96
4844,50.16
4845,76.8
4846,47.68
4847,114.6
4848,54.32
4849,46.44
4850,38.88
4851,114.12
4852,34.8
4853,56.56
4854,56.88
4855,70.84
4856,64.0
4857,265.76
4858,58.48
4859,217.72
4860,45.44
4861,54.72
4862,47.68
4863,50.08
4864,50.32
4865,59.2
4866,92.84
4867,99.36
4868,69.6
4869,43.96
4870,210.44
4871,50.52
4872,62.16
4873,87.6
4874,120.2
4875,42.28
4876,124.72
4877,85.08
4878,132.28
4879,50.24
4880,384.28
4881,50.2
4882,70.42
4883,255.4
4884,46.84
4885,563.0
4886,64.48
4887,109.2
4888,113.0
4889,50.48
4890,50.8
4891,84.88
4892,31.6
4893,293.08
4894,101.08
4895,60.24
4896,136.92
4897,57.44
4898,283.68
4899,61.64
4900,51.8
4901,88.84
4902,110.16
4903,46.8
4904,347.56
4905,50.04
4906,55.48
4907,52.48
4908,156.44
4909,81.92
4910,136.16
4911,35.44
4912,238.28
4913,62.16
4914,47.12
4915,185.84
4916,52.8
4917,78.76
4918,50.0
4919,245.12
4920,59.6
4921,60.04
4922,63.64
4923,55.32
4924,96.28
4925,164.64
4926,86.0
4927,64.44
4928,47.36
4929,56.44
4930,54.84
4931,38.28
4932,135.16
4933,124.92
4934,155.04
